Договор;Филиал
9901542004;Западный филиал
9903320452;Восточный филиал
9912034628;Восточный филиал
9913160265;Западный филиал
9914862807;Восточный филиал
9915629378;Западный филиал
9915988000;Восточный филиал
9916376341;Западный филиал
9917313932;Северный филиал
9918909714;Восточный филиал
9928215876;Западный филиал
9929968745;Западный филиал
9932203407;Северный филиал
9933757517;Восточный филиал
9938601278;Западный филиал
9947866880;Западный филиал
9948793812;Западный филиал
9953438575;Восточный филиал
9953522449;Западный филиал
9956366902;Западный филиал
9956669073;Северный филиал
9963087744;Южный филиал
9964708126;Южный филиал
9967446522;Северный филиал
9967962320;Западный филиал
9968846905;Северный филиал
9968932553;Северный филиал
9973571250;Западный филиал
9975134554;Западный филиал
9976848884;Западный филиал
9977244482;Южный филиал
9978721495;Западный филиал
9982437103;Северный филиал
9989892850;Восточный филиал
9990503438;Западный филиал
9991186040;Восточный филиал
9994578218;Северный филиал
9995901695;Восточный филиал
9996275386;Западный филиал
9997054446;Восточный филиал
